,PassengerId,Survived,Pclass,Name,Sex,Age,SibSp,Parch,Ticket,Fare,Cabin,Embarked
5,6,0,3,"Moran, Mr. James",male,,0,0,330877,8.4583,,Q
16,17,0,3,"Rice, Master. Eugene",male,2.0,4,1,382652,29.125,,Q
22,23,1,3,"McGowan, Miss. Anna ""Annie""",female,15.0,0,0,330923,8.0292,,Q
28,29,1,3,"O'Dwyer, Miss. Ellen ""Nellie""",female,,0,0,330959,7.8792,,Q
32,33,1,3,"Glynn, Miss. Mary Agatha",female,,0,0,335677,7.75,,Q
44,45,1,3,"Devaney, Miss. Margaret Delia",female,19.0,0,0,330958,7.8792,,Q
46,47,0,3,"Lennon, Mr. Denis",male,,1,0,370371,15.5,,Q
47,48,1,3,"O'Driscoll, Miss. Bridget",female,,0,0,14311,7.75,,Q
82,83,1,3,"McDermott, Miss. Brigdet Delia",female,,0,0,330932,7.7875,,Q
109,110,1,3,"Moran, Miss. Bertha",female,,1,0,371110,24.15,,Q
116,117,0,3,"Connors, Mr. Patrick",male,70.5,0,0,370369,7.75,,Q
126,127,0,3,"McMahon, Mr. Martin",male,,0,0,370372,7.75,,Q
143,144,0,3,"Burke, Mr. Jeremiah",male,19.0,0,0,365222,6.75,,Q
156,157,1,3,"Gilnagh, Miss. Katherine ""Katie""",female,16.0,0,0,35851,7.7333,,Q
171,172,0,3,"Rice, Master. Arthur",male,4.0,4,1,382652,29.125,,Q
186,187,1,3,"O'Brien, Mrs. Thomas (Johanna ""Hannah"" Godfrey)",female,,1,0,370365,15.5,,Q
188,189,0,3,"Bourke, Mr. John",male,40.0,1,1,364849,15.5,,Q
196,197,0,3,"Mernagh, Mr. Robert",male,,0,0,368703,7.75,,Q
198,199,1,3,"Madigan, Miss. Margaret ""Maggie""",female,,0,0,370370,7.75,,Q
208,209,1,3,"Carr, Miss. Helen ""Ellen""",female,16.0,0,0,367231,7.75,,Q
214,215,0,3,"Kiernan, Mr. Philip",male,,1,0,367229,7.75,,Q
241,242,1,3,"Murphy, Miss. Katherine ""Kate""",female,,1,0,367230,15.5,,Q
245,246,0,1,"Minahan, Dr. William Edward",male,44.0,2,0,19928,90.0,C78,Q
260,261,0,3,"Smith, Mr. Thomas",male,,0,0,384461,7.75,,Q
264,265,0,3,"Henry, Miss. Delia",female,,0,0,382649,7.75,,Q
274,275,1,3,"Healy, Miss. Hanora ""Nora""",female,,0,0,370375,7.75,,Q
278,279,0,3,"Rice, Master. Eric",male,7.0,4,1,382652,29.125,,Q
280,281,0,3,"Duane, Mr. Frank",male,65.0,0,0,336439,7.75,,Q
289,290,1,3,"Connolly, Miss. Kate",female,22.0,0,0,370373,7.75,,Q
300,301,1,3,"Kelly, Miss. Anna Katherine ""Annie Kate""",female,,0,0,9234,7.75,,Q
301,302,1,3,"McCoy, Mr. Bernard",male,,2,0,367226,23.25,,Q
303,304,1,2,"Keane, Miss. Nora A",female,,0,0,226593,12.35,E101,Q
322,323,1,2,"Slayter, Miss. Hilda Mary",female,30.0,0,0,234818,12.35,,Q
330,331,1,3,"McCoy, Miss. Agnes",female,,2,0,367226,23.25,,Q
358,359,1,3,"McGovern, Miss. Mary",female,,0,0,330931,7.8792,,Q
359,360,1,3,"Mockler, Miss. Helen Mary ""Ellie""",female,,0,0,330980,7.8792,,Q
364,365,0,3,"O'Brien, Mr. Thomas",male,,1,0,370365,15.5,,Q
368,369,1,3,"Jermyn, Miss. Annie",female,,0,0,14313,7.75,,Q
388,389,0,3,"Sadlier, Mr. Matthew",male,,0,0,367655,7.7292,,Q
411,412,0,3,"Hart, Mr. Henry",male,,0,0,394140,6.8583,,Q
412,413,1,1,"Minahan, Miss. Daisy E",female,33.0,1,0,19928,90.0,C78,Q
421,422,0,3,"Charters, Mr. David",male,21.0,0,0,A/5. 13032,7.7333,,Q
428,429,0,3,"Flynn, Mr. James",male,,0,0,364851,7.75,,Q
459,460,0,3,"O'Connor, Mr. Maurice",male,,0,0,371060,7.75,,Q
468,469,0,3,"Scanlan, Mr. James",male,,0,0,36209,7.725,,Q
501,502,0,3,"Canavan, Miss. Mary",female,21.0,0,0,364846,7.75,,Q
502,503,0,3,"O'Sullivan, Miss. Bridget Mary",female,,0,0,330909,7.6292,,Q
510,511,1,3,"Daly, Mr. Eugene Patrick",male,29.0,0,0,382651,7.75,,Q
517,518,0,3,"Ryan, Mr. Patrick",male,,0,0,371110,24.15,,Q
525,526,0,3,"Farrell, Mr. James",male,40.5,0,0,367232,7.75,,Q
552,553,0,3,"O'Brien, Mr. Timothy",male,,0,0,330979,7.8292,,Q
560,561,0,3,"Morrow, Mr. Thomas Rowan",male,,0,0,372622,7.75,,Q
573,574,1,3,"Kelly, Miss. Mary",female,,0,0,14312,7.75,,Q
593,594,0,3,"Bourke, Miss. Mary",female,,0,2,364848,7.75,,Q
612,613,1,3,"Murphy, Miss. Margaret Jane",female,,1,0,367230,15.5,,Q
613,614,0,3,"Horgan, Mr. John",male,,0,0,370377,7.75,,Q
626,627,0,2,"Kirkland, Rev. Charles Leonard",male,57.0,0,0,219533,12.35,,Q
629,630,0,3,"O'Connell, Mr. Patrick D",male,,0,0,334912,7.7333,,Q
653,654,1,3,"O'Leary, Miss. Hanora ""Norah""",female,,0,0,330919,7.8292,,Q
654,655,0,3,"Hegarty, Miss. Hanora ""Nora""",female,18.0,0,0,365226,6.75,,Q
657,658,0,3,"Bourke, Mrs. John (Catherine)",female,32.0,1,1,364849,15.5,,Q
680,681,0,3,"Peters, Miss. Katie",female,,0,0,330935,8.1375,,Q
697,698,1,3,"Mullens, Miss. Katherine ""Katie""",female,,0,0,35852,7.7333,,Q
703,704,0,3,"Gallagher, Mr. Martin",male,25.0,0,0,36864,7.7417,,Q
718,719,0,3,"McEvoy, Mr. Michael",male,,0,0,36568,15.5,,Q
727,728,1,3,"Mannion, Miss. Margareth",female,,0,0,36866,7.7375,,Q
749,750,0,3,"Connaghton, Mr. Michael",male,31.0,0,0,335097,7.75,,Q
767,768,0,3,"Mangan, Miss. Mary",female,30.5,0,0,364850,7.75,,Q
768,769,0,3,"Moran, Mr. Daniel J",male,,1,0,371110,24.15,,Q
776,777,0,3,"Tobin, Mr. Roger",male,,0,0,383121,7.75,F38,Q
778,779,0,3,"Kilgannon, Mr. Thomas J",male,,0,0,36865,7.7375,,Q
787,788,0,3,"Rice, Master. George Hugh",male,8.0,4,1,382652,29.125,,Q
790,791,0,3,"Keane, Mr. Andrew ""Andy""",male,,0,0,12460,7.75,,Q
825,826,0,3,"Flynn, Mr. John",male,,0,0,368323,6.95,,Q
828,829,1,3,"McCormack, Mr. Thomas Joseph",male,,0,0,367228,7.75,,Q
885,886,0,3,"Rice, Mrs. William (Margaret Norton)",female,39.0,0,5,382652,29.125,,Q
890,891,0,3,"Dooley, Mr. Patrick",male,32.0,0,0,370376,7.75,,Q
