,Feature,Maximum,Minimum,Mean,Median,Unique_values,% of missing values,Null Values,Q1,Q3,IQR,std,Skewness,Kurtosis
0,PassengerId,891.0,1.0,446.0,446.0,891,0.0,0,223.5,668.5,445.0,"<bound method Series.std of 0        1
1        2
2        3
3        4
4        5
      ... 
886    887
887    888
888    889
889    890
890    891
Name: PassengerId, Length: 891, dtype: int64>",0.0,-1.1999999999999997
1,Survived,1.0,0.0,0.3838383838383838,0.0,2,0.0,0,0.0,1.0,1.0,"<bound method Series.std of 0      0
1      1
2      1
3      1
4      0
      ..
886    0
887    1
888    0
889    1
890    0
Name: Survived, Length: 891, dtype: int64>",0.4785234382949897,-1.775004671066304
2,Pclass,3.0,1.0,2.308641975308642,3.0,3,0.0,0,2.0,3.0,1.0,"<bound method Series.std of 0      3
1      1
2      3
3      1
4      3
      ..
886    2
887    1
888    3
889    1
890    3
Name: Pclass, Length: 891, dtype: int64>",-0.6305479068752845,-1.2800149715782825
3,Age,80.0,0.42,29.69911764705882,28.0,88,19.865319865319865,177,20.125,38.0,17.875,"<bound method Series.std of 0      22.0
1      38.0
2      26.0
3      35.0
4      35.0
       ... 
886    27.0
887    19.0
888     NaN
889    26.0
890    32.0
Name: Age, Length: 891, dtype: float64>",0.38910778230082704,0.17827415364210353
4,SibSp,8.0,0.0,0.5230078563411896,0.0,7,0.0,0,0.0,1.0,1.0,"<bound method Series.std of 0      1
1      1
2      0
3      1
4      0
      ..
886    0
887    0
888    1
889    0
890    0
Name: SibSp, Length: 891, dtype: int64>",3.6953517271630565,17.880419726645968
5,Parch,6.0,0.0,0.38159371492704824,0.0,7,0.0,0,0.0,0.0,0.0,"<bound method Series.std of 0      0
1      0
2      0
3      0
4      0
      ..
886    0
887    0
888    2
889    0
890    0
Name: Parch, Length: 891, dtype: int64>",2.7491170471010933,9.778125179021648
6,Fare,512.3292,0.0,32.204207968574636,14.4542,248,0.0,0,7.9104,31.0,23.0896,"<bound method Series.std of 0       7.2500
1      71.2833
2       7.9250
3      53.1000
4       8.0500
        ...   
886    13.0000
887    30.0000
888    23.4500
889    30.0000
890     7.7500
Name: Fare, Length: 891, dtype: float64>",4.787316519674893,33.39814088089868
